c,l,i,p
u,s,e,d
w,h,i,p
s,u,c,c,e,s,s,f,u,l
s,k,i,n,n,y
l,e,t,t,e,r
t,r,i,t,e
s,l,i,m
c,h,a,n,c,e
g,r,a,d,e
p,o,w,e,r,f,u,l
d,i,v,e,r,g,e,n,t
m,e,l,l,o,w
t,e,r,r,i,f,i,c
c,u,d,d,l,y
a,v,o,i,d
p,l,a,s,t,i,c
f,i,n,i,c,k,y
f,e,e,b,l,e
s,e,a,r,c,h
c,o,o,k
s,k,i,r,t
o,m,n,i,s,c,i,e,n,t
w,e,l,l,-,t,o,-,d,o
p,a,s,s,e,n,g,e,r
g,r,a,p,e
a,d,v,e,n,t,u,r,o,u,s
f,l,a,s,h,y
b,r,a,i,n,y
f,a,s,t
v,o,i,c,e,l,e,s,s
o,r,d,i,n,a,r,y
b,i,z,a,r,r,e
e,a,r,t,h
p,l,a,c,i,d
o,b,e,y
d,i,m,e
s,t,e,p
s,u,b,s,t,a,n,t,i,a,l
r,e,a,l
e,a,r,l,y
c,u,r,t,a,i,n
u,n,t,i,d,y
y,e,a,r
l,a,b,o,r,e,r
s,m,i,l,e
u,s,e,f,u,l
a,p,p,r,e,c,i,a,t,e
b,o,u,n,d,a,r,y
c,o,n,t,i,n,u,e
i,n,t,e,n,d
o,b,s,c,e,n,e
r,i,c,e
d,e,l,i,v,e,r
g,r,e,a,s,e
s,a,v,e
u,n,b,i,a,s,e,d
r,e,w,a,r,d
d,u,s,t
k,i,s,s
q,u,i,c,k
a,t,t,e,n,d
b,r,a,s,h
l,e,w,d
j,e,a,l,o,u,s
h,a,l,l
b,o,u,n,c,y
d,e,a,t,h
i,r,r,i,t,a,t,i,n,g
q,u,i,c,k,s,a,n,d
g,l,o,v,e
t,u,r,n
f,l,i,m,s,y
w,o,o,l
l,i,s,t,e,n
s,n,o,r,e
d,y,s,f,u,n,c,t,i,o,n,a,l
o,u,t,g,o,i,n,g
e,a,r,t,h,y
u,n,r,u,l,y
u,g,l,i,e,s,t
d,r,a,g
t,r,a,n,s,p,o,r,t
p,l,a,i,n
s,h,a,k,y
c,a,t,s
c,u,r,v,e,d
n,e,r,v,o,u,s
s,n,o,w
g,l,i,s,t,e,n,i,n,g
s,l,e,e,p,y
e,x,a,m,p,l,e
s,h,e,l,t,e,r
a,l,a,r,m
a,c,c,i,d,e,n,t,a,l
d,e,l,i,r,i,o,u,s
h,a,u,n,t
o,c,c,u,r
r,i,n,s,e
r,a,b,b,i,t
f,o,o,d
f,r,e,s,h
f,i,l,e
s,c,a,r,f
p,r,o,v,i,d,e
m,e,t,a,l
r,o,b,u,s,t
b,o,a,s,t
j,e,l,l,y
i,g,n,o,r,a,n,t
w,i,l,d
b,i,r,d
i,n,j,u,r,e
l,i,k,e
e,n,e,r,g,e,t,i,c
b,a,s,e
d,r,a,w,e,r
r,u,d,d,y
i,n,f,o,r,m
i,c,i,c,l,e
v,o,l,l,e,y,b,a,l,l
s,i,l,k
p,r,o,m,i,s,e
s,i,s,t,e,r
c,o,h,e,r,e,n,t
f,i,r,s,t
f,i,n,g,e,r
f,e,m,a,l,e
t,o,e,s
f,r,e,e
a,d,m,i,t
h,a,l,f
l,u,n,c,h
s,e,l,e,c,t,i,v,e
p,e,r,f,o,r,m
c,a,b,b,a,g,e
j,u,g,g,l,e
b,u,s,h,e,s
e,r,r,o,r
l,o,v,e,l,y
f,r,i,e,n,d
c,o,u,n,t
p,a,i,n,t
s,c,o,l,d
s,h,a,v,e
g,r,i,p
n,o,r,t,h
t,h,i,r,d
s,q,u,e,a,k
f,e,s,t,i,v,e
u,n,c,o,v,e,r,e,d
p,r,o,f,u,s,e
m,e,s,s, ,u,p
s,l,i,p
b,e,e,f
p,s,y,c,h,o,t,i,c
e,v,a,s,i,v,e
s,h,a,r,p
h,a,n,d
a,b,o,r,t,i,v,e
b,o,u,n,c,e
g,l,i,b
p,e,a,r
i,n,t,e,r,f,e,r,e
w,h,i,m,s,i,c,a,l
h,a,n,d,s
q,u,i,n,c,e
i,m,p,a,r,t,i,a,l
s,n,o,t,t,y
w,i,s,t,f,u,l
s,h,o,c,k,i,n,g
r,e,t,i,r,e
g,u,a,r,a,n,t,e,e
s,p,i,t,e,f,u,l
c,a,r,e,l,e,s,s
f,a,i,t,h,f,u,l
c,a,m,p
c,r,a,v,e,n
u,n,e,q,u,a,l
u,t,t,e,r,m,o,s,t
h,a,n,g,i,n,g
o,a,f,i,s,h
h,o,r,n
e,l,b,o,w
f,l,o,w,e,r,s
b,u,b,b,l,e
g,l,o,s,s,y
z,i,p,p,e,r
s,h,a,g,g,y
i,n,c,l,u,d,e
p,a,y,m,e,n,t
s,i,g,n,a,l
w,o,r,k,a,b,l,e
f,r,a,i,l
b,e,r,r,y
l,y,i,n,g
e,l,d,e,r,l,y
a,f,f,o,r,d
a,b,a,c,k
t,a,b,l,e
d,i,s,c,u,s,s,i,o,n
e,x,c,l,u,s,i,v,e
s,w,i,m
c,l,o,s,e,d
m,o,o,r
i,l,l,e,g,a,l
b,i,t,t,e,r
s,u,p,e,r,f,i,c,i,a,l
v,i,s,i,t
o,b,j,e,c,t
a,f,t,e,r,m,a,t,h
m,o,v,e
r,h,e,t,o,r,i,c,a,l
b,l,u,e
f,o,r,e,g,o,i,n,g
j,u,d,g,e
h,u,n,t
r,e,c,o,r,d
d,i,n,o,s,a,u,r,s
n,i,c,e
b,e,n,t
p,u,n,c,t,u,r,e
y,u,m,m,y
s,u,p,p,o,r,t
r,o,c,k
d,e,t,a,i,l,e,d
d,e,l,i,g,h,t,f,u,l
b,e,h,a,v,e
h,o,s,p,i,t,a,b,l,e
f,a,s,t,e,n
r,e,g,u,l,a,r
d,e,f,e,a,t,e,d
t,a,l,k
e,l,i,t,e
l,e,t,t,e,r,s
s,t,e,a,m
g,r,o,w,t,h
k,i,n,d,l,y
s,t,r,e,n,g,t,h,e,n
a,s,t,o,n,i,s,h,i,n,g
l,a,m,p
q,u,i,z,z,i,c,a,l
i,n,s,t,r,u,c,t
g,o,v,e,r,n,m,e,n,t
h,u,l,k,i,n,g
w,r,a,t,h,f,u,l
p,u,f,f,y
d,e,t,e,r,m,i,n,e,d
h,e,a,l,t,h
g,a,t,h,e,r
p,a,r,k
w,o,n,d,e,r
t,a,s,t,e,f,u,l
h,u,r,t
g,r,o,u,n,d
w,i,s,e
r,o,l,l
l,u,n,c,h,r,o,o,m
i,r,r,i,t,a,t,e
l,e,g,a,l
l,i,v,i,n,g
r,e,m,a,r,k,a,b,l,e
e,f,f,e,c,t
f,a,b,u,l,o,u,s
d,e,v,e,l,o,p,m,e,n,t
a,b,l,e
s,u,g,g,e,s,t,i,o,n
a,m,u,s,i,n,g
s,u,b,d,u,e,d
s,e,l,e,c,t,i,o,n
w,a,v,e
s,p,o,n,g,e
e,q,u,a,b,l,e
p,a,r,t,y
s,t,i,t,c,h
d,i,r,t,y
p,o,l,l,u,t,i,o,n
s,p,o,t,t,y
s,l,i,p,p,e,r,y
t,a,m,e
p,r,o,u,d
d,o,u,b,t
t,h,i,c,k
s,u,p,p,l,y
f,a,i,l
u,n,c,l,e
r,e,s,p,o,n,s,i,b,l,e
a,c,h,i,e,v,e,r
t,h,a,n,k,f,u,l
n,o,s,e
s,t,i,f,f
q,u,i,l,l
m,a,r,k,e,t
u,n,a,b,l,e
p,r,o,f,i,t
v,i,g,o,r,o,u,s
t,w,i,g
l,i,v,e
s,p,i,r,i,t,u,a,l
w,h,i,s,p,e,r,i,n,g
s,i,c,k
r,a,c,e
v,e,g,e,t,a,b,l,e
w,r,i,t,i,n,g
l,i,n,e,n
g,a,p,i,n,g
m,e,a,t
f,u,r,t,i,v,e
e,y,e,s
a,b,h,o,r,r,e,n,t
d,e,l,a,y
j,u,m,p
s,w,i,n,g
q,u,i,r,k,y
o,b,s,e,r,v,e
g,r,o,o,v,y
o,v,e,r,j,o,y,e,d
h,u,n,g,r,y
d,e,c,o,r,o,u,s
z,o,n,k,e,d
e,a,s,y
e,d,u,c,a,t,e,d
i,n,c,a,n,d,e,s,c,e,n,t
d,i,v,i,d,e
n,o,s,t,a,l,g,i,c
o,b,t,a,i,n,a,b,l,e
i,d,e,n,t,i,f,y
s,u,i,t
e,a,g,e,r
i,l,l,u,s,t,r,i,o,u,s
n,e,x,t
b,l,u,s,h
n,o,s,y
l,e,a,r,n
h,o,m,e,l,y
b,e,n,e,f,i,c,i,a,l
z,i,p,p,y
s,o,a,p
p,l,a,n,e
w,e,e,k
s,l,i,m,y
l,i,t,t,l,e
s,l,o,p,p,y
s,t,o,v,e
d,u,c,k
w,a,r,m
o,b,s,e,r,v,a,t,i,o,n
c,o,o,l
c,l,a,i,m
p,a,r,c,h,e,d
c,o,u,n,t,r,y
s,t,o,r,e
b,e,a,u,t,i,f,u,l
d,i,s,a,g,r,e,e
g,r,u,b,b,y
f,u,e,l
b,u,m,p
i,n,e,x,p,e,n,s,i,v,e
s,t,u,f,f
p,r,e,p,a,r,e
f,i,v,e
r,i,p,e
g,r,a,c,e,f,u,l
t,r,u,t,h,f,u,l
v,e,n,o,m,o,u,s
r,i,n,g,s
p,u,r,p,o,s,e
s,n,e,a,k,y
m,u,r,k,y
m,a,r,c,h
s,a,b,l,e
b,o,r,d,e,r
r,e,m,a,i,n
e,n,g,i,n,e
e,a,r,s,p,l,i,t,t,i,n,g
f,a,u,l,t,y
u,t,t,e,r
p,i,e,s
p,l,a,c,e
g,e,n,t,l,e
r,o,y,a,l
e,m,p,l,o,y
p,l,o,t
m,i,n,d
l,i,m,p,i,n,g
n,e,a,r
w,i,l,d,e,r,n,e,s,s
g,u,i,l,t,l,e,s,s
e,x,c,i,t,i,n,g
c,h,i,e,f
p,r,i,c,e
t,r,o,u,b,l,e,d
b,l,o,t
s,m,o,o,t,h
i,s,l,a,n,d
h,o,o,k
c,r,a,w,l
p,i,n,k
a,b,i,d,i,n,g
i,n,t,e,r,e,s,t,i,n,g
c,a,u,t,i,o,u,s
l,a,n,g,u,a,g,e
f,a,l,l
s,t,r,i,p
a,b,a,f,t
l,u,d,i,c,r,o,u,s
m,o,t,h,e,r
t,e,s,t,e,d
t,h,u,n,d,e,r,i,n,g
k,n,o,w,l,e,d,g,e,a,b,l,e
t,h,a,n,k
l,a,c,e
r,i,f,l,e
r,e,a,c,t,i,o,n
a,l,e,r,t
q,u,i,x,o,t,i,c
s,p,u,r,i,o,u,s
r,e,c,e,p,t,i,v,e
p,r,e,t,t,y
a,r,r,a,n,g,e
w,o,r,r,i,e,d
p,u,n,i,s,h,m,e,n,t
d,e,l,i,g,h,t
a,n,x,i,o,u,s
n,a,r,r,o,w
g,e,e,s,e
p,r,o,t,e,c,t
v,e,r,s,e
s,i,z,e
l,i,g,h,t,e,n
a,g,r,e,e,a,b,l,e
a,l,o,o,f
j,u,i,c,y
p,r,e,s,s
h,a,r,m
f,o,r,t,u,n,a,t,e
c,o,n,s,i,d,e,r
l,o,p,s,i,d,e,d
t,a,c,k,y
b,o,i,l,i,n,g
v,i,s,i,t,o,r
s,t,a,t,u,e,s,q,u,e
a,p,p,l,i,a,n,c,e
y,o,u,n,g
d,i,s,t,a,n,c,e
c,r,o,o,k
a,c,r,i,d
i,n,c,o,m,p,e,t,e,n,t
m,e,m,o,r,y
p,a,r,t,n,e,r
c,r,e,d,i,t
i,m,p,e,r,f,e,c,t
l,i,s,t
a,b,e,r,r,a,n,t
i,n,n,a,t,e
c,u,r,r,e,n,t
p,a,n,c,a,k,e
p,a,l,e
i,m,a,g,i,n,e
s,w,e,a,t,e,r
h,i,d,e,o,u,s
c,a,p,a,b,l,e
q,u,e,s,t,i,o,n,a,b,l,e
s,t,r,o,n,g
r,e,p,u,l,s,i,v,e
a,n,n,o,u,n,c,e
b,a,s,i,n
r,e,a,l,i,z,e
m,i,s,t
m,u,s,c,l,e
c,o,m,p,e,t,i,t,i,o,n
r,u,d,e
t,e,a,r,f,u,l
r,a,s,p,y
f,u,t,u,r,i,s,t,i,c
f,a,r,m
p,u,n,i,s,h
c,l,e,a,n
m,u,t,e
s,u,g,a,r
g,u,t,t,u,r,a,l
t,e,n,t
g,o,v,e,r,n,o,r
c,o,n,c,e,n,t,r,a,t,e
b,a,b,i,e,s
h,e,l,p
t,h,i,r,s,t,y
w,r,i,t,e,r
s,t,a,t,e,m,e,n,t
n,e,a,t
s,t,e,a,d,y
r,e,s,t
g,a,i,n,f,u,l
c,o,p,y
n,i,m,b,l,e
f,e,a,r
j,i,t,t,e,r,y
v,a,c,u,o,u,s
b,a,l,l
e,n,c,h,a,n,t,i,n,g
t,i,d,y
a,n,g,l,e
h,a,p,l,e,s,s
h,a,i,r,c,u,t
b,a,r,e
v,a,s,e
e,n,t,e,r
t,h,i,n,g
d,r,i,p
g,r,a,y
r,e,l,y
g,r,e,y
d,e,s,t,r,o,y
b,r,a,w,n,y
p,a,p,e,r
d,e,c,e,i,v,e
i,t,c,h
f,a,n,c,y
o,s,s,i,f,i,e,d
w,a,r,l,i,k,e
u,n,b,e,c,o,m,i,n,g
w,i,r,e
l,a,c,k,i,n,g
t,o,r,p,i,d
g,r,e,e,d,y
m,e,l,o,d,i,c
s,m,a,r,t
s,t,a,m,p
o,p,t,i,m,a,l
f,u,l,l
w,e,a,r,y
s,t,a,i,n
l,a,b,e,l
f,l,a,w,l,e,s,s
r,u,i,n
v,a,g,u,e
n,o,r,m,a,l
s,n,a,i,l,s
w,a,s,h
h,i,g,h,-,p,i,t,c,h,e,d
b,r,u,i,s,e
h,u,r,r,i,e,d
p,r,o,d,u,c,t,i,v,e
b,u,r,y
u,b,i,q,u,i,t,o,u,s
s,w,e,e,t
w,r,o,n,g
r,o,a,d
e,l,a,s,t,i,c
f,l,a,g
s,o,c,i,e,t,y
s,t,e,r,e,o,t,y,p,e,d
s,p,o,t,t,e,d
a,i,r,p,o,r,t
r,i,v,e,r
c,e,a,s,e,l,e,s,s
c,u,t,e
s,o,a,k
h,e,a,l,t,h,y
r,e,a,c,h
s,h,r,u,g
s,u,b,t,r,a,c,t
a,q,u,a,t,i,c
s,e,n,s,e
f,l,o,o,r
l,o,v,i,n,g
n,a,s,t,y
w,r,e,s,t,l,e
w,a,s,t,e
d,a,p,p,e,r
w,r,e,t,c,h,e,d
a,c,t,i,v,i,t,y
p,u,s,h,y
v,u,l,g,a,r
i,n,s,e,c,t
r,u,s,t,i,c
w,e,a,k
a,d,v,i,c,e
z,e,b,r,a
s,t,e,a,d,f,a,s,t
h,o,r,s,e
p,o,t,a,t,o
f,a,r,-,f,l,u,n,g
s,t,e,w
c,l,e,a,r
s,a,t,i,s,f,y,i,n,g
n,u,m,b,e,r
k,n,o,w,n
m,o,m,e,n,t,o,u,s
p,l,a,n,t
b,r,a,n,c,h
d,a,r,e
r,e,c,o,n,d,i,t,e
h,y,d,r,a,n,t
t,i,r,e,d
a,d,d,i,c,t,e,d
m,a,g,i,c
w,a,t,e,r
b,r,o,t,h,e,r
w,a,i,t
g,a,z,e
s,a,n,d
e,x,t,r,a,-,s,m,a,l,l
e,l,e,g,a,n,t
o,f,f,b,e,a,t
h,e,a,v,y
b,r,o,k,e,n
a,b,j,e,c,t
a,l,i,v,e
d,e,e,r
w,a,k,e,f,u,l
k,n,e,e
u,n,h,e,a,l,t,h,y
s,p,a,c,e
d,r,i,v,i,n,g
m,a,t,e,r,i,a,l
n,u,m,e,r,o,u,s
m,a,n,i,a,c,a,l
f,u,t,u,r,e
n,a,i,v,e
o,r,d,e,r
e,n,o,r,m,o,u,s
c,o,a,t
d,r,u,m
e,x,c,h,a,n,g,e
v,i,o,l,e,t
d,i,s,c,o,v,e,r,y
s,m,e,l,l,y
b,u,t,t,e,r
l,a,v,i,s,h
w,a,i,l
a,b,a,n,d,o,n,e,d
t,r,a,y
n,u,l,l
s,t,i,m,u,l,a,t,i,n,g
s,h,a,r,e
b,a,s,k,e,t
p,r,i,c,k
f,a,l,l,a,c,i,o,u,s
f,o,o,l
m,i,n,u,t,e
m,o,u,t,h
d,a,r,k
h,u,g,e
r,e,l,a,t,i,o,n
b,a,k,e
f,r,i,g,h,t,e,n,i,n,g
h,e,l,p,l,e,s,s
f,l,a,v,o,r
b,a,t,h
s,t,a,k,i,n,g
o,u,t,r,a,g,e,o,u,s
s,t,r,i,p,e,d
o,b,n,o,x,i,o,u,s
n,a,m,e
s,a,f,e
t,a,r,t
f,a,s,c,i,n,a,t,e,d
p,i,c,a,y,u,n,e
c,a,s,t
h,o,s,p,i,t,a,l
s,t,r,e,e,t
w,h,e,e,l
l,u,m,b,e,r
t,e,n,d,e,n,c,y
d,a,n,c,e
i,n,f,l,u,e,n,c,e
o,v,e,r,c,o,n,f,i,d,e,n,t
t,o,o,t,h
n,a,t,u,r,a,l
c,h,a,n,n,e,l
s,t,o,c,k,i,n,g
s,e,e,m,l,y
s,t,a,n,d,i,n,g
d,e,s,t,r,u,c,t,i,o,n
t,a,n,k
d,r,a,m,a,t,i,c
s,e,c,r,e,t,i,v,e
t,e,r,r,i,f,y
p,u,m,p,e,d
d,o,u,b,l,e
d,r,o,p
i,n,t,e,r,e,s,t
c,h,a,n,g,e,a,b,l,e
s,h,a,l,l,o,w
t,r,e,m,e,n,d,o,u,s
v,e,n,g,e,f,u,l
d,e,s,e,r,v,e
a,v,a,i,l,a,b,l,e
t,e,e,n,y,-,t,i,n,y
j,o,i,n
g,r,e,e,n
m,y,s,t,e,r,i,o,u,s
v,e,i,l
p,a,s,t,o,r,a,l
r,e,s,p,e,c,t
r,e,p,e,a,t
i,n,s,t,i,n,c,t,i,v,e
k,a,p,u,t
s,y,m,p,t,o,m,a,t,i,c
h,e,a,t
u,l,t,r,a
a,n,g,e,r
c,r,a,y,o,n
l,i,c,k
s,c,a,r,e,d
l,e,a,r,n,e,d
k,i,l,l
t,r,e,e
b,a,w,d,y
n,i,p,p,y
s,k,i,l,l,f,u,l
r,a,c,i,a,l
p,h,o,b,i,c
s,a,m,e
c,r,u,s,h
d,a,u,g,h,t,e,r
w,o,m,e,n
l,e,f,t
i,n,q,u,i,s,i,t,i,v,e
c,o,m,m,i,t,t,e,e
c,a,b,l,e
p,r,o,p,e,r,t,y
r,o,o,m,y
p,o,s,i,t,i,o,n
s,a,l,t,y
m,a,c,a,b,r,e
w,e,a,t,h,e,r
a,c,c,e,p,t
b,o,r,e,d
i,c,k,y
f,l,o,c,k
b,i,l,l,o,w,y
r,e,a,d,i,n,g
a,t,t,a,c,k
w,h,o,l,e,s,a,l,e
m,a,m,m,o,t,h
s,o,u,p
s,c,r,i,b,b,l,e
r,e,c,e,s,s
c,h,u,n,k,y
s,m,o,k,e
s,t,r,a,n,g,e
m,o,u,n,t,a,i,n
j,a,d,e,d
n,a,i,l
k,e,e,n
r,i,g,h,t,f,u,l
u,m,b,r,e,l,l,a
t,i,t,l,e
h,a,m,m,e,r
y,e,l,l,o,w
c,h,e,a,p
l,a,u,n,c,h
r,a,i,n,y
l,a,m,e,n,t,a,b,l,e
p,o,l,i,t,e
l,o,u,t,i,s,h
w,r,a,p
p,r,e,c,i,o,u,s
i,m,p,o,r,t,e,d
m,o,a,n
b,a,l,a,n,c,e
f,u,z,z,y
a,n,i,m,a,t,e,d
e,d,u,c,a,t,e
c,a,k,e,s
p,r,e,v,i,o,u,s
p,e,d,a,l
a,b,s,o,r,b,e,d
c,o,p,p,e,r
a,j,a,r
r,a,i,l,w,a,y
s,t,e,m
a,s,s,o,r,t,e,d
s,t,r,e,a,m
c,o,m,p,e,t,e
r,a,i,s,e
z,e,s,t,y
m,e,r,e
a,d,a,p,t,a,b,l,e
m,a,l,i,c,i,o,u,s
s,q,u,a,r,e
g,u,a,r,d,e,d
t,h,i,n,g,s
v,a,s,t
s,i,d,e
u,n,u,s,u,a,l
h,e,a,d,y
d,i,f,f,e,r,e,n,t
t,o,n,g,u,e
s,p,a,r,e
d,e,t,e,c,t
o,p,e,n
h,i,g,h,f,a,l,u,t,i,n
h,o,l,i,s,t,i,c
c,l,a,m,m,y
f,r,o,n,t
s,e,p,a,r,a,t,e
s,o,g,g,y
h,a,i,r
t,h,u,m,b
b,l,o,w
i,r,a,t,e
c,o,b,w,e,b
d,r,e,a,r,y
d,e,c,a,y
t,o,u,c,h
t,e,r,r,i,b,l,e
w,a,t,e,r,y
w,e,a,l,t,h
h,u,s,h,e,d
f,r,i,e,n,d,s
h,o,l,e
g,u,s,t,y
f,i,n,e
s,e,c,r,e,t
g,l,a,s,s
a,n,t,s
r,i,g,i,d
w,i,n,d,y
m,o,l,d,y
d,e,s,i,g,n
a,r,g,u,m,e,n,t
a,l,i,k,e
b,r,e,a,k,a,b,l,e
c,y,c,l,e
v,i,e,w
b,u,s,t,l,i,n,g
w,o,r,m
t,o,a,d
t,r,a,p
c,a,t,t,l,e
s,h,o,w
c,l,a,s,s
w,a,t,c,h
c,a,r,p,e,n,t,e,r
p,o,w,e,r
h,a,n,d,l,e
o,b,e,s,e
a,i,r,p,l,a,n,e
n,a,u,s,e,a,t,i,n,g
p,r,e,c,e,d,e
d,e,a,r
t,a,s,t,y
z,e,p,h,y,r
c,h,a,l,l,e,n,g,e
p,u,b,l,i,c
b,u,i,l,d,i,n,g
f,u,n,n,y
h,o,u,r
b,i,k,e,s
s,h,a,p,e
q,u,e,s,t,i,o,n
c,o,m,p,a,r,i,s,o,n
h,a,l,t,i,n,g
c,o,m,m,u,n,i,c,a,t,e
u,s,e,l,e,s,s
r,i,n,g
c,o,m,p,l,e,x
s,i,l,l,y
m,a,c,h,o
e,m,i,n,e,n,t
s,a,l,t
r,e,t,u,r,n
n,u,t,t,y
p,h,y,s,i,c,a,l
c,o,w,s
g,r,o,a,n
m,a,i,d
h,y,p,n,o,t,i,c
s,q,u,e,e,z,e
r,o,u,t,e
a,b,s,t,r,a,c,t,e,d
l,o,a,f
k,n,o,w,i,n,g
r,i,g,h,t,e,o,u,s
p,o,o,r
d,e,f,e,c,t,i,v,e
s,o,c,k
d,i,s,t,u,r,b,e,d
w,e,l,l,-,o,f,f
m,a,c,h,i,n,e
b,e,a,m
c,e,n,t
h,e,a,r,t,b,r,e,a,k,i,n,g
m,e,e,k
v,e,s,s,e,l
d,i,z,z,y
d,a,s,h,i,n,g
b,r,a,v,e
s,h,o,e,s
s,q,u,e,a,l
r,o,o,f
p,a,r,s,i,m,o,n,i,o,u,s
v,a,r,i,o,u,s
f,l,u,t,t,e,r,i,n,g
c,h,a,l,k
a,r,g,u,e
h,o,r,r,i,b,l,e
s,h,o,c,k
g,o,d,l,y
c,r,e,e,p,y
d,a,n,g,e,r,o,u,s
c,a,l,m
f,e,e,l,i,n,g
p,e,r,f,e,c,t
a,d,j,o,i,n,i,n,g
m,i,s,s
l,y,r,i,c,a,l
p,e,r,p,e,t,u,a,l
r,a,d,i,a,t,e
e,r,e,c,t
p,i,c,k,l,e
e,v,a,n,e,s,c,e,n,t
a,b,r,a,s,i,v,e
n,i,g,h,t
r,e,a,d,y
d,i,s,c,o,v,e,r
e,g,g,n,o,g
p,r,i,n,t
s,t,a,l,e
b,a,i,t
s,i,s,t,e,r,s
j,e,a,n,s
d,a,z,z,l,i,n,g
h,a,t,e
w,o,u,n,d
c,h,u,r,c,h
l,a,n,g,u,i,d
c,h,e,w
e,d,u,c,a,t,i,o,n
u,n,k,n,o,w,n
s,c,h,o,o,l
i,n,t,e,l,l,i,g,e,n,t
i,n,v,i,t,e
p,o,i,n,t
s,u,s,p,e,n,d
s,p,i,k,y
q,u,a,r,t,e,r
d,i,d,a,c,t,i,c
w,i,g,g,l,y
g,o,l,d
e,n,c,o,u,r,a,g,i,n,g
c,h,i,c,k,e,n
s,a,t,i,s,f,y
s,c,i,n,t,i,l,l,a,t,i,n,g
c,a,g,e,y
h,a,r,b,o,r
c,o,n,t,a,i,n
r,e,l,i,e,v,e,d
d,e,s,i,r,e
a,c,i,d,i,c
w,a,i,t,i,n,g
c,u,s,h,i,o,n
b,r,u,s,h
a,n,n,o,y,e,d
g,r,a,n,d,i,o,s,e
f,a,d,e
d,o,c,t,o,r
s,h,i,r,t
f,r,a,g,i,l,e
s,o,r,e
s,u,c,k
p,l,e,a,s,e
s,h,e,e,t
s,m,a,s,h
f,a,d,e,d
c,a,r,i,n,g
s,c,r,e,w
a,v,e,r,a,g,e
i,n,c,r,e,d,i,b,l,e
m,a,j,e,s,t,i,c
p,r,a,y
e,q,u,a,l
p,h,o,n,e
f,a,m,i,l,i,a,r
e,r,r,a,t,i,c
k,n,i,t
m,o,n,t,h
s,t,r,a,w
m,a,g,e,n,t,a
r,e,j,e,c,t
n,o,x,i,o,u,s
s,o,n,g
d,e,g,r,e,e
f,l,o,w,e,r,y
c,a,r,r,i,a,g,e
b,o,m,b
c,o,n,f,u,s,e
b,e,f,i,t,t,i,n,g
a,n,a,l,y,z,e
b,e,g,i,n,n,e,r
a,b,a,s,h,e,d
p,e,a,c,e,f,u,l
i,m,p,r,o,v,e
d,a,m,a,g,i,n,g
b,a,c,k
m,i,d,d,l,e
r,e,i,g,n
t,r,o,u,b,l,e
b,e,r,s,e,r,k
h,i,l,l
l,i,m,i,t
z,a,n,y
s,o,o,t,h,e
a,c,c,o,u,n,t
b,e,t,t,e,r
p,r,o,t,e,s,t
s,p,a,d,e
m,a,i,l,b,o,x
s,o,r,d,i,d
n,e,e,d,l,e,s,s
f,r,a,m,e
m,a,s,k
f,l,i,p,p,a,n,t
w,i,n,g
p,l,a,u,s,i,b,l,e
a,b,u,s,i,v,e
s,q,u,i,r,r,e,l
i,n,t,r,o,d,u,c,e
e,n,t,e,r,t,a,i,n,i,n,g
g,a,r,r,u,l,o,u,s
a,n,i,m,a,l
t,e,m,p,t
i,n,d,u,s,t,r,y
b,u,r,l,y
e,x,c,u,s,e
a,c,t,i,o,n
a,b,u,n,d,a,n,t
c,a,n,n,o,n
a,p,o,l,o,g,i,s,e
p,r,e,t,e,n,d
l,u,x,u,r,i,a,n,t
e,x,u,l,t,a,n,t
s,m,o,g,g,y
p,u,z,z,l,i,n,g
m,e,e,t,i,n,g
h,a,b,i,t,u,a,l
p,o,p,c,o,r,n
p,a,n,o,r,a,m,i,c
m,a,g,n,i,f,i,c,e,n,t
c,a,u,s,e
s,o,f,t
p,a,i,n,f,u,l
g,i,a,n,t
n,u,m,b,e,r,l,e,s,s
a,m,o,u,n,t
r,a,t,t,y
c,h,i,l,d,l,i,k,e
w,r,i,s,t
c,h,a,s,e
f,i,r,e
s,p,i,d,e,r,s
s,l,e,e,p
p,r,e,m,i,u,m
t,r,i,c,k
o,v,e,r,t
t,r,a,d,e
a,n,n,o,y
h,o,l,l,o,w
f,o,u,n,d
p,u,n,y
d,e,e,p,l,y
f,o,r,c,e
t,r,u,e
c,h,e,s,s
m,u,d,d,l,e,d
a,r,i,t,h,m,e,t,i,c
m,o,t,i,o,n
e,d,g,e
s,l,o,w
l,i,n,e
d,e,a,f,e,n,i,n,g
g,o,o,d
t,o,w,e,r,i,n,g
m,e,s,s,y
g,u,i,d,e
h,a,n,d,y
i,n,s,t,r,u,m,e,n,t
t,a,l,l
c,o,n,s,c,i,o,u,s
m,i,t,t,e,n
b,a,t,t,l,e
b,e,d,r,o,o,m
p,e,e,l
b,o,o,k,s
p,i,c,t,u,r,e
d,e,p,r,e,s,s,e,d
i,n,v,i,n,c,i,b,l,e
t,r,u,c,k,s
t,r,e,a,t,m,e,n,t
g,r,i,n
d,i,s,l,i,k,e
c,o,m,p,l,e,t,e
t,e,a,c,h,i,n,g
c,o,m,p,l,a,i,n
g,r,e,e,t
a,m,u,c,k
s,u,m,m,e,r
t,e,l,l,i,n,g
s,p,i,f,f,y
t,i,g,h,t
p,l,a,y
n,e,e,d,y
m,a,d,d,e,n,i,n,g
v,i,c,t,o,r,i,o,u,s
s,y,s,t,e,m
c,i,r,c,l,e
c,l,o,i,s,t,e,r,e,d
p,l,u,c,k,y
t,i,m,e
o,b,e,i,s,a,n,t
d,e,b,o,n,a,i,r
v,i,v,a,c,i,o,u,s
m,o,t,i,o,n,l,e,s,s
s,n,a,t,c,h
r,e,p,a,i,r
e,l,f,i,n
f,o,w,l
s,e,c,r,e,t,a,r,y
c,o,a,l
p,r,e,s,e,n,t
f,e,i,g,n,e,d
e,a,r,n
r,a,b,i,d
l,o,n,e,l,y
p,i,p,e
w,i,d,e,-,e,y,e,d
p,i,g,s
y,e,l,l
k,i,n,d
f,l,u,f,f,y
o,v,e,n
p,u,r,r,i,n,g
t,h,e,o,r,y
f,o,o,t
r,u,l,e
w,i,p,e
f,l,o,a,t
a,u,s,p,i,c,i,o,u,s
w,i,n,d
m,o,r,n,i,n,g
q,u,i,l,t
d,e,a,d
t,r,a,i,l
s,q,u,a,l,i,d
c,a,l,c,u,l,a,t,e
n,o,i,s,y
u,n,l,o,c,k
p,i,q,u,a,n,t
a,w,e,s,o,m,e
t,e,a,s,e
s,p,r,a,y
u,n,d,e,r,w,e,a,r
i,n,n,o,c,e,n,t
s,o,m,b,e,r
n,e,r,v,e
a,b,o,u,n,d,i,n,g
u,p,t,i,g,h,t
u,p,b,e,a,t
c,o,n,c,e,r,n,e,d
p,a,n,i,c,k,y
p,s,y,c,h,e,d,e,l,i,c
d,i,s,a,p,p,e,a,r
r,e,l,a,x
s,l,a,v,e
t,h,r,e,e
s,t,r,e,t,c,h
s,t,e,e,r
c,l,o,s,e
o,v,e,r,r,a,t,e,d
l,a,u,g,h
s,o,n,g,s
w,e,i,g,h,t
q,u,a,c,k
f,o,r,m
r,e,m,i,n,i,s,c,e,n,t
l,a,z,y
s,u,r,p,r,i,s,e
p,r,o,t,e,c,t,i,v,e
d,e,l,i,c,a,t,e
c,r,i,b
w,h,i,s,t,l,e
r,e,p,o,r,t
s,t,o,m,a,c,h
e,f,f,i,c,i,e,n,t
r,e,s,o,n,a,n,t
l,o,u,d
b,o,a,t
l,o,c,k,e,t
p,o,s,t
n,i,n,e
h,e,a,l
b,l,i,n,d
b,e,w,i,l,d,e,r,e,d
f,l,a,k,y
c,h,e,r,r,i,e,s
p,a,u,s,e
c,y,n,i,c,a,l
s,h,i,n,y
q,u,i,e,t
p,e,t,i,t,e
s,t,i,n,g,y
s,t,u,r,d,y
a,w,f,u,l
l,u,s,h
i,r,o,n
t,i,c,k,e,t
t,i,c,k,l,e
v,o,l,c,a,n,o
c,h,e,e,r,f,u,l
t,h,r,e,a,t,e,n,i,n,g
g,u,a,r,d
f,e,r,t,i,l,e
s,o,u,n,d
m,e,n,d
a,n,s,w,e,r
l,e,g,s
t,e,m,p,o,r,a,r,y
s,h,r,i,l,l
b,o,r,e
o,u,t,s,t,a,n,d,i,n,g
c,o,v,e,r
u,t,o,p,i,a,n
r,a,r,e
s,e,d,a,t,e
t,h,r,o,a,t
w,o,m,a,n,l,y
m,i,s,t,y
r,e,p,r,e,s,e,n,t,a,t,i,v,e
a,l,l,o,w
s,l,e,e,t
b,r,a,s,s
l,e,v,e,l
c,e,r,t,a,i,n
m,a,s,s
u,n,e,q,u,a,l,e,d
s,o,u,r
t,e,n,u,o,u,s
s,t,i,c,k,y
b,o,l,t
a,c,t,u,a,l,l,y
c,r,a,b,b,y
e,f,f,i,c,a,c,i,o,u,s
f,l,a,p
t,h,a,w
p,r,o,g,r,a,m
i,m,p,o,r,t,a,n,t
b,a,s,h,f,u,l
f,a,i,n,t
t,r,a,s,h,y
c,o,m,f,o,r,t,a,b,l,e
e,n,v,i,o,u,s
c,l,o,u,d,y
g,h,o,s,t
g,u,e,s,s
s,n,i,f,f
s,t,r,o,k,e
w,a,r,y
c,h,u,b,b,y
f,r,i,e,n,d,l,y
c,r,i,m,e
e,a,t,a,b,l,e
t,h,r,o,n,e
c,l,e,v,e,r
s,c,o,r,c,h
d,r,e,a,m
p,l,a,n,t,a,t,i,o,n
u,p,p,i,t,y
c,r,a,t,e
m,a,g,i,c,a,l
w,o,o,z,y
d,i,s,t,i,n,c,t
l,i,b,r,a,r,y
w,r,e,n
a,b,l,a,z,e
p,u,m,p
j,u,d,i,c,i,o,u,s
r,o,a,s,t,e,d
i,n,c,o,m,e
s,i,l,k,y
r,o,o,t
t,o,o,t,h,p,a,s,t,e
t,a,b,o,o
c,a,m,e,r,a
p,e,a,c,e
l,u,m,p,y
m,e,a,s,l,y
p,o,l,i,s,h
s,n,o,b,b,i,s,h
t,h,o,u,g,h,t
j,a,z,z,y
p,l,a,y,g,r,o,u,n,d
c,o,o,p,e,r,a,t,i,v,e
f,o,r,k
o,r,g,a,n,i,c
b,l,a,c,k
s,p,i,l,l
s,i,n,k
s,c,r,u,b
h,o,s,e
p,o,c,k,e,t
o,v,e,r,f,l,o,w
g,r,i,e,v,i,n,g
v,e,s,t
r,e,f,u,s,e
b,l,u,e,-,e,y,e,d
g,r,a,t,i,s
u,n,e,v,e,n
f,i,s,h
i,n,d,u,s,t,r,i,o,u,s
c,r,o,w,d
a,g,g,r,e,s,s,i,v,e
i,t,c,h,y
d,u,s,t,y
s,p,a,r,k
r,e,m,o,v,e
d,r,a,c,o,n,i,a,n
d,e,s,e,r,t
a,b,s,u,r,d
b,e,l,o,n,g
m,e,d,i,c,a,l
a,c,c,e,p,t,a,b,l,e
c,u,m,b,e,r,s,o,m,e
o,b,e,d,i,e,n,t
t,o,y,s
r,e,c,e,i,v,e
s,h,i,v,e,r,i,n,g
l,a,n,d
n,i,f,t,y
r,u,s,h
s,y,n,o,n,y,m,o,u,s
d,a,m,a,g,e
o,a,t,m,e,a,l
s,t,r,a,i,g,h,t
s,c,a,r,y
w,a,s,t,e,f,u,l
m,u,n,d,a,n,e
g,r,a,n,d,m,o,t,h,e,r
g,l,e,a,m,i,n,g
s,i,g,h
b,i,r,d,s
i,n,t,e,r,n,a,l
r,e,p,l,a,c,e
r,e,l,i,g,i,o,n
h,u,s,k,y
t,r,a,m,p
s,u,p,e,r
w,a,n,d,e,r,i,n,g
w,i,c,k,e,d
i,g,n,o,r,e
b,o,o,k
f,a,n,g
f,i,e,r,c,e
w,o,e,b,e,g,o,n,e
d,o,w,n,t,o,w,n
s,u,c,c,e,e,d
g,i,r,a,f,f,e
p,r,e,f,e,r
s,t,i,r
t,u,r,k,e,y
i,m,m,e,n,s,e
p,l,u,g
s,t,a,t,i,o,n
b,e,h,a,v,i,o,r
b,e,a,r
h,o,v,e,r
b,u,z,z
h,a,r,s,h
m,o,u,n,t,a,i,n,o,u,s
m,o,d,e,r,n
d,e,e,p
a,f,t,e,r,t,h,o,u,g,h,t
t,a,n,g,y
a,r,c,h
a,p,a,t,h,e,t,i,c
v,a,n,i,s,h
f,i,l,t,h,y
m,u,l,t,i,p,l,y
a,f,t,e,r,n,o,o,n
p,a,s,t
s,p,i,c,y
e,x,e,r,c,i,s,e
r,e,l,e,a,s,e
r,o,b,i,n
b,l,a,d,e
b,r,e,e,z,y
s,t,r,i,n,g
n,u,t,r,i,t,i,o,u,s
t,e,s,t,y
a,m,b,i,g,u,o,u,s
e,v,e,n
m,e,a,t,y
b,i,t,e,-,s,i,z,e,d
a,w,a,k,e
f,a,c,t
r,i,s,k
a,p,p,r,o,v,e
w,r,e,c,k
p,o,i,s,o,n
r,i,t,z,y
d,r,u,n,k
p,e,r,m,i,t
b,u,s,i,n,e,s,s
d,e,s,k
p,a,s,s
t,r,a,v,e,l
e,x,p,e,r,i,e,n,c,e
o,b,s,o,l,e,t,e
e,x,a,m,i,n,e
h,y,s,t,e,r,i,c,a,l
p,e,t,s
s,t,i,c,k
s,u,b,s,e,q,u,e,n,t
b,i,r,t,h
p,u,l,l
s,a,i,l
t,o,o,t,h,s,o,m,e
s,c,e,n,t
c,a,r,s
c,o,m,p,a,n,y
c,o,l,l,e,c,t
g,r,o,t,e,s,q,u,e
a,t,t,r,a,c,t
u,n,d,e,s,i,r,a,b,l,e
f,l,i,g,h,t
o,c,e,a,n,i,c
v,a,l,u,a,b,l,e
k,n,o,w,l,e,d,g,e
a,r,r,i,v,e
t,i,r,e,s,o,m,e
f,r,a,n,t,i,c
u,n,s,u,i,t,a,b,l,e
g,i,r,l,s
w,a,g,g,i,s,h
k,e,t,t,l,e
w,a,l,k
t,a,c,i,t
w,i,n,t,e,r
f,r,i,g,h,t,e,n,e,d
c,o,m,m,o,n
a,g,o,n,i,z,i,n,g
s,h,o,e
a,d,d,i,t,i,o,n
s,o,r,t
w,i,t,t,y
l,o,a,d
h,a,n,g
c,l,o,v,e,r
e,x,p,l,o,d,e
d,e,f,i,a,n,t
c,a,k,e
j,a,i,l
l,e,a,t,h,e,r
a,r,r,o,g,a,n,t
s,t,o,r,m,y
n,o,n,c,h,a,l,a,n,t
s,e,r,i,o,u,s
p,r,o,b,a,b,l,e
c,o,m,b
r,e,c,o,g,n,i,s,e
e,x,p,e,c,t
g,r,a,i,n
h,a,l,l,o,w,e,d
b,r,i,d,g,e
m,a,r,v,e,l,o,u,s
b,e,l,l,i,g,e,r,e,n,t
v,o,y,a,g,e
c,l,u,t,t,e,r,e,d
s,u,l,k,y
m,i,g,h,t,y
b,o,n,e
m,a,r,k,e,d
y,i,e,l,d,i,n,g
s,p,a,r,k,l,e
p,r,o,s,e
n,o,t,e,b,o,o,k
e,l,e,c,t,r,i,c
s,u,c,c,i,n,c,t
u,n,s,i,g,h,t,l,y
w,h,i,n,e
s,e,r,v,e
e,x,c,i,t,e,d
v,e,r,d,a,n,t
d,o,l,l,s
c,h,e,a,t
t,h,r,i,l,l
n,e,c,k
g,r,o,u,c,h,y
v,a,l,u,e
l,o,n,g
c,u,r,v,e
d,e,c,i,d,e
b,e,a,d
o,b,t,a,i,n
h,i,s,t,o,r,y
t,h,o,u,g,h,t,f,u,l
l,o,v,e
s,t,a,r,e
d,o,u,b,t,f,u,l
c,o,r,r,e,c,t
e,x,c,i,t,e
a,p,p,r,o,v,a,l
s,h,i,v,e,r
m,i,n,o,r
s,t,a,r
b,e,s,t
c,r,e,a,t,u,r,e
s,h,i,p
p,u,s,h
r,o,m,a,n,t,i,c
c,u,r,e
t,e,r,r,i,t,o,r,y
c,a,r,r,y
m,o,u,r,n
h,o,r,s,e,s
m,i,n,d,l,e,s,s
d,e,l,i,c,i,o,u,s
d,r,a,b
b,l,u,s,h,i,n,g
r,e,s,o,l,u,t,e
y,o,k,e
c,o,w,a,r,d,l,y
c,a,r,e,f,u,l
c,l,u,b
c,o,l,l,a,r
t,a,i,l
z,e,a,l,o,u,s
h,i,s,s,i,n,g
p,e,c,k
s,p,o,t,l,e,s,s
r,o,u,g,h
w,e,l,l,-,m,a,d,e
c,h,i,n
r,o,t,t,e,n
p,o,w,d,e,r
p,o,s,s,e,s,s,i,v,e
s,n,a,k,e,s
b,u,r,n
r,e,j,o,i,c,e
p,r,e,a,c,h
h,u,m,o,r
c,r,o,w,d,e,d
k,n,o,c,k
d,i,n,n,e,r
p,a,d,d,l,e
e,m,b,a,r,r,a,s,s
s,w,i,t,c,h
a,u,t,o,m,a,t,i,c
a,f,r,a,i,d
a,b,o,a,r,d
e,m,b,a,r,r,a,s,s,e,d
a,m,a,z,i,n,g
u,n,i,t,e
s,u,p,r,e,m,e
b,l,e,a,c,h
g,i,a,n,t,s
p,o,r,t,e,r
c,h,a,n,g,e
t,a,n,g,i,b,l,e
k,n,o,t,t,y
a,b,r,u,p,t
r,a,k,e
w,o,r,t,h,l,e,s,s
h,u,r,r,y
r,u,r,a,l
j,e,l,l,y,f,i,s,h
d,o,o,r
w,a,l,l
w,o,o,d
g,r,o,u,p
s,c,e,n,e
l,a,s,t
f,r,o,g,s
s,o,f,a
e,x,u,b,e,r,a,n,t
m,a,n,a,g,e
f,e,a,r,l,e,s,s
c,h,a,r,g,e
s,u,r,r,o,u,n,d
a,w,a,r,e
g,r,e,a,t
t,e,e,t,h
r,o,u,n,d
n,o,i,s,e
s,k,i,n
c,o,m,b,a,t,i,v,e
w,e,l,l,-,g,r,o,o,m,e,d
r,a,m,p,a,n,t
m,i,n,i,a,t,u,r,e
h,e,a,v,e,n,l,y
m,a,l,e
s,n,a,i,l
e,a,r,t,h,q,u,a,k,e
p,l,e,a,s,a,n,t
c,h,a,r,m,i,n,g
w,r,e,n,c,h
d,o,m,i,n,e,e,r,i,n,g
r,h,y,t,h,m
w,r,i,g,g,l,e
w,i,n,k
h,a,t,e,f,u,l
d,i,v,i,s,i,o,n
g,l,o,w
s,h,a,k,e
s,q,u,e,a,l,i,n,g
d,i,s,g,u,s,t,i,n,g
c,o,m,p,a,r,e
n,o,t,i,c,e
w,o,r,r,y
n,o,i,s,e,l,e,s,s
s,e,c,o,n,d
t,w,i,s,t
c,e,m,e,t,e,r,y
o,r,a,n,g,e
m,e,a,s,u,r,e
o,n,e,r,o,u,s
t,e,d,i,o,u,s
t,r,a,i,n,s
i,m,p,o,s,s,i,b,l,e
a,n,g,r,y
t,r,u,c,u,l,e,n,t
b,u,m,p,y
p,e,r,s,o,n
h,a,r,d,-,t,o,-,f,i,n,d
s,i,d,e,w,a,l,k
g,e,n,e,r,a,l
u,n,a,r,m,e,d
g,a,m,y
s,o,l,i,d
f,l,a,t
c,l,o,t,h
q,u,a,i,n,t
s,c,i,s,s,o,r,s
t,r,o,u,s,e,r,s
h,a,n,d,s,o,m,e,l,y
f,l,o,w
d,i,r,e,c,t,i,o,n
a,r,r,e,s,t
l,o,c,k
c,h,i,v,a,l,r,o,u,s
m,i,n,e
p,r,i,c,e,y
w,e,a,l,t,h,y
t,r,u,s,t
h,e,a,d
b,u,l,b
r,a,i,l
c,u,r,v,y
l,i,c,e,n,s,e
b,u,c,k,e,t
c,o,n,f,e,s,s
d,o,c,k
e,i,g,h,t
a,s,p,i,r,i,n,g
y,a,w,n
u,p,s,e,t
s,w,i,f,t
n,e,e,d,l,e
f,a,n,t,a,s,t,i,c
a,p,p,e,a,r
f,a,i,r
r,e,q,u,e,s,t
e,x,p,l,a,i,n
c,r,a,z,y
s,m,i,l,i,n,g
s,i,m,p,l,e
s,p,e,l,l
s,u,f,f,e,r
p,o,s,s,i,b,l,e
g,l,a,m,o,r,o,u,s
s,t,a,g,e
d,a,m,a,g,e,d
e,x,t,r,a,-,l,a,r,g,e
d,i,s,c,r,e,e,t
s,c,a,n,d,a,l,o,u,s
d,e,c,i,s,i,v,e
c,r,o,w,n
m,i,x,e,d
m,o,a,n,i,n,g
s,n,e,e,z,e
b,a,d,g,e
c,o,a,c,h
c,a,l,l,o,u,s
r,a,n,g,e
v,e,i,n
h,i,g,h
c,a,r,d
s,e,a,s,h,o,r,e
s,t,o,p
t,r,e,e,s
b,o,a,r,d
c,a,l,l
s,t,o,n,e
g,a,t,e
h,o,m,e
m,e,m,o,r,i,z,e
p,e,r,i,o,d,i,c
p,o,l,i,t,i,c,a,l
m,o,n,k,e,y
l,i,v,e,l,y
h,a,r,d
f,o,l,l,o,w
f,r,i,c,t,i,o,n
c,l,u,m,s,y
c,o,l,o,s,s,a,l
s,n,a,k,e
c,h,i,l,d,r,e,n
s,t,r,a,n,g,e,r
l,o,o,s,e
t,r,a,i,n
l,a,b,o,r,e,d
a,b,n,o,r,m,a,l
c,e,l,l,a,r
d,a,f,f,y
d,i,s,i,l,l,u,s,i,o,n,e,d
v,o,l,a,t,i,l,e
u,g,l,y
a,m,u,s,e,d
s,i,l,e,n,t
w,i,d,e
d,i,s,a,p,p,r,o,v,e
t,e,s,t
c,o,l,o,u,r
s,t,a,r,t
r,e,b,e,l
r,e,d,u,c,e
l,a,c,k,a,d,a,i,s,i,c,a,l
h,a,n,d,s,o,m,e
b,e,l,i,e,f
b,r,i,e,f
u,n,f,a,s,t,e,n
p,r,e,s,e,r,v,e
a,b,o,r,i,g,i,n,a,l
e,x,p,a,n,s,i,o,n
c,e,l,e,r,y
d,e,t,a,i,l
a,m,u,s,e
b,o,u,n,d,l,e,s,s
d,e,b,t
a,d,j,u,s,t,m,e,n,t
p,l,a,n,e,s
c,a,l,c,u,l,a,t,o,r
d,i,r,t
t,o,u,g,h
s,q,u,a,s,h
s,h,a,d,e
s,o,p,h,i,s,t,i,c,a,t,e,d
j,o,k,e
s,t,i,c,k,s
p,u,n,c,h
c,r,o,s,s
m,a,t,t,e,r
d,e,s,e,r,t,e,d
m,a,t,e,r,i,a,l,i,s,t,i,c
c,a,p,t,i,o,n
c,r,e,a,m
s,a,c,k
l,o,n,g,i,n,g
g,i,f,t,e,d
c,o,o,r,d,i,n,a,t,e,d
b,e,l,i,e,v,e
d,e,c,i,s,i,o,n
u,n,n,a,t,u,r,a,l
t,e,e,n,y
d,o,n,k,e,y
m,a,r,b,l,e
m,e,l,t,e,d
v,e,r,s,e,d
e,v,e,n,t
k,i,t,t,e,n,s
s,c,a,t,t,e,r,e,d
w,o,r,d
m,e,l,t
c,u,r,l
c,a,c,t,u,s
d,i,g,e,s,t,i,o,n
j,u,v,e,n,i,l,e
c,l,a,m
s,l,o,p,e
j,e,w,e,l
l,e,a,n
p,e,e,p
x,-,r,a,y
s,p,e,c,t,a,c,u,l,a,r
l,o,w,l,y
s,h,o,r,t
k,n,i,f,e
b,a,n,g
w,a,r,n
j,u,m,b,l,e,d
a,h,e,a,d
c,o,l,d
h,i,l,a,r,i,o,u,s
r,o,s,e
b,l,a,c,k,-,a,n,d,-,w,h,i,t,e
i,n,c,o,n,c,l,u,s,i,v,e
f,i,l,l
r,a,i,n,s,t,o,r,m
h,o,u,s,e
m,a,n,y
c,r,a,s,h
t,e,x,t,u,r,e
a,x,i,o,m,a,t,i,c
y,a,r,n
h,e,a,p
e,c,o,n,o,m,i,c
e,n,c,o,u,r,a,g,e
h,o,m,e,l,e,s,s
a,m,u,s,e,m,e,n,t
w,a,n,d,e,r
l,o,s,s
s,t,u,p,i,d
c,l,a,s,s,y
a,m,b,i,t,i,o,u,s
r,i,g,h,t
r,e,p,l,y
h,e,l,l,i,s,h
f,r,o,g
s,c,a,l,e
o,v,e,r,w,r,o,u,g,h,t
a,p,p,a,r,a,t,u,s
l,i,t,e,r,a,t,e
b,u,s,y
a,d,a,m,a,n,t
l,e,t,t,u,c,e
d,a,i,l,y
b,a,t,h,e
q,u,i,c,k,e,s,t
p,r,a,c,t,i,c,e
a,l,l,e,g,e,d
r,a,g,g,e,d
t,i,g,h,t,f,i,s,t,e,d
w,o,n,d,e,r,f,u,l
m,a,k,e,s,h,i,f,t
e,t,h,e,r,e,a,l
w,h,i,s,p,e,r
q,u,a,r,t,z
s,p,r,i,n,g
t,e,a,m
h,o,b,b,i,e,s
s,p,e,c,i,a,l
t,o,m,a,t,o,e,s
l,e,t,h,a,l
f,l,e,s,h
s,c,r,a,p,e
i,n,s,u,r,a,n,c,e
a,g,r,e,e
a,p,p,a,r,e,l
b,r,e,a,t,h
s,m,e,l,l
a,p,p,l,a,u,d
k,n,e,e,l
f,a,m,o,u,s
b,r,i,g,h,t
s,t,e,e,p
t,r,i,c,k,y
d,r,e,s,s
s,h,e,l,f
t,e,n,s,e
p,a,i,l
e,x,p,e,r,t
m,a,t,e
o,p,p,o,s,i,t,e
l,a,u,g,h,a,b,l,e
i,l,l,-,f,a,t,e,d
b,l,e,s,s
g,l,u,e
e,x,p,a,n,d
k,n,o,t
g,u,l,l,i,b,l,e
s,a,v,o,r,y
f,r,u,i,t
b,e,l,l,s
n,a,u,g,h,t,y
g,r,a,s,s
b,o,i,l
b,a,b,y
t,h,o,u,g,h,t,l,e,s,s
n,o,t,e
s,p,o,t
d,e,a,d,p,a,n
e,n,t,h,u,s,i,a,s,t,i,c
h,o,p,e
s,c,r,e,e,c,h,i,n,g
p,o,s,s,e,s,s
f,o,l,d
r,e,m,e,m,b,e,r
e,m,p,t,y
s,t,u,p,e,n,d,o,u,s
i,n,f,a,m,o,u,s
i,m,m,i,n,e,n,t
c,o,n,n,e,c,t,i,o,n
b,a,s,e,b,a,l,l
h,o,n,e,y
s,e,l,f
f,i,x,e,d
o,f,f,e,r
e,n,j,o,y
c,o,n,c,e,r,n
f,e,t,c,h
a,r,m,y
e,g,g,s
f,r,e,t,f,u,l
f,a,i,r,i,e,s
c,h,e,e,s,e
a,t,t,a,c,h
p,o,i,s,e,d
j,u,i,c,e
i,n,t,e,r,r,u,p,t
d,e,r,a,n,g,e,d
c,r,o,w
c,o,u,g,h
s,t,r,u,c,t,u,r,e
i,m,p,r,e,s,s
g,r,u,e,s,o,m,e
q,u,e,e,n
n,o,n,s,t,o,p
m,i,l,i,t,a,r,y
s,w,a,n,k,y
w,i,l,l,i,n,g
a,c,o,u,s,t,i,c,s
d,r,i,n,k
f,r,e,e,z,i,n,g
s,c,a,r,e,c,r,o,w
w,a,c,k,y
i,m,p,o,l,i,t,e
l,a,k,e
a,l,c,o,h,o,l,i,c
i,d,i,o,t,i,c
h,a,r,m,o,n,y
b,l,i,n,k
h,a,p,p,e,n
p,i,c,k
a,t,t,r,a,c,t,i,v,e
s,u,b,s,t,a,n,c,e
s,p,r,o,u,t
m,i,l,k
s,m,a,l,l
a,d,h,e,s,i,v,e
o,r,a,n,g,e,s
c,a,p,r,i,c,i,o,u,s
g,r,a,b
h,e,s,i,t,a,n,t
p,e,r,m,i,s,s,i,b,l,e
r,a,p,i,d
s,c,r,a,w,n,y
c,u,r,l,y
h,u,m,d,r,u,m
d,a,m,p
f,e,n,c,e
d,i,s,t,r,i,b,u,t,i,o,n
c,a,r,e
w,o,o,d,e,n
p,i,n,e
t,e,l,e,p,h,o,n,e
g,l,o,r,i,o,u,s
g,i,r,l
p,i,n,c,h
r,e,a,s,o,n
m,i,l,k,y
m,a,r,r,y
g,a,u,d,y
t,e,m,p,e,r
u,n,i,t
p,a,g,e
c,o,i,l
p,a,r,c,e,l
u,n,a,c,c,o,u,n,t,a,b,l,e
d,i,s,a,s,t,r,o,u,s
u,n,k,e,m,p,t
c,u,r,i,o,u,s
b,o,o,t
f,u,m,b,l,i,n,g
f,u,r,n,i,t,u,r,e
l,i,g,h,t
l,o,n,g,-,t,e,r,m
z,o,o,m
k,i,c,k
m,e,a,n
n,a,p,p,y
l,a,r,g,e
e,x,c,e,l,l,e,n,t
w,o,b,b,l,e
p,a,s,t,e
c,o,n,s,i,s,t
t,h,i,n
l,a,d,y,b,u,g
c,r,o,o,k,e,d
a,d,m,i,r,e
s,i,m,p,l,i,s,t,i,c
p,e,n,i,t,e,n,t
p,r,i,v,a,t,e
p,i,z,z,a,s
f,i,l,m
p,o,u,r
w,e,l,c,o,m,e
t,h,e,r,a,p,e,u,t,i,c
d,e,c,o,r,a,t,e
r,e,s,c,u,e
g,r,a,n,d,f,a,t,h,e,r
k,i,t,t,y
r,e,f,l,e,c,t
h,o,u,s,e,s
a,d, ,h,o,c
c,r,e,a,t,o,r
t,r,e,a,t
l,o,o,k
w,h,i,r,l
f,o,u,r
b,r,o,w,n
c,h,o,p
a,n,c,i,e,n,t
b,r,e,a,t,h,e
c,a,l,c,u,l,a,t,i,n,g
m,a,r,r,i,e,d
e,x,i,s,t,e,n,c,e
m,i,n,i,s,t,e,r
u,n,p,a,c,k
d,e,v,i,l,i,s,h
d,i,s,a,r,m
w,i,n,d,o,w
s,p,a,r,k,l,i,n,g
t,h,i,n,k,a,b,l,e
c,a,l,e,n,d,a,r
m,i,s,c,r,e,a,n,t
i,m,a,g,i,n,a,r,y
e,s,c,a,p,e
s,t,r,a,p
n,e,b,u,l,o,u,s
o,b,s,e,q,u,i,o,u,s
s,h,a,m,e
b,a,r,b,a,r,o,u,s
m,u,r,d,e,r
f,i,r,e,m,a,n
g,r,a,t,e,f,u,l
c,r,a,c,k
j,o,y,o,u,s
i,l,l,-,i,n,f,o,r,m,e,d
g,o,r,g,e,o,u,s
w,i,r,y
a,u,t,h,o,r,i,t,y
s,e,r,v,a,n,t
e,x,o,t,i,c
m,u,s,h,y
s,e,l,f,i,s,h
o,c,e,a,n
t,a,s,t,e
m,a,d,l,y
p,a,c,k
o,b,s,e,r,v,a,n,t
c,h,e,m,i,c,a,l
r,e,g,r,e,t
g,a,b,b,y
s,p,o,o,n
c,r,a,c,k,e,r
h,o,n,o,r,a,b,l,e
e,n,t,e,r,t,a,i,n
b,u,t,t,o,n
b,o,r,r,o,w
d,e,p,e,n,d
f,i,e,l,d
o,v,a,l
d,i,s,g,u,s,t,e,d
t,a,l,e,n,t,e,d
t,h,r,e,a,d
d,i,l,i,g,e,n,t
v,o,r,a,c,i,o,u,s
d,u,c,k,s
i,n,v,e,n,t,i,o,n
f,l,a,s,h
d,i,r,e,f,u,l
v,a,c,a,t,i,o,n
c,o,r,n
f,l,a,g,r,a,n,t
g,r,u,m,p,y
h,u,m,o,r,o,u,s
i,n,s,i,d,i,o,u,s
l,i,k,e,a,b,l,e
e,n,c,h,a,n,t,e,d
p,o,k,e
r,a,t,e
w,o,r,k
t,i,n,y
s,o,d,a
n,e,e,d
w,i,n,e
s,u,d,d,e,n
s,c,i,e,n,t,i,f,i,c
t,a,s,t,e,l,e,s,s
d,e,v,e,l,o,p
p,u,z,z,l,e,d
w,a,n,t
t,a,w,d,r,y
q,u,i,v,e,r
c,a,r,t
o,f,f,e,n,d
s,t,a,y
s,p,o,o,k,y
m,a,s,s,i,v,e
s,c,a,r,e
c,h,o,k,e
w,e,i,g,h
b,l,o,o,d
c,o,n,n,e,c,t
t,r,a,n,q,u,i,l
p,a,t,h,e,t,i,c
a,u,n,t
d,r,o,w,n
i,n,c,r,e,a,s,e
p,u,r,p,l,e
t,e,n,d,e,r
d,o,g,s
p,o,i,n,t,l,e,s,s
s,w,e,l,t,e,r,i,n,g
s,h,u,t
b,i,k,e
m,u,d,d,l,e
p,a,l,t,r,y
d,e,s,c,r,i,p,t,i,v,e
a,s,h,a,m,e,d
t,i,c,k
g,r,e,a,s,y
r,a,m,b,u,n,c,t,i,o,u,s
t,o,u,r
s,q,u,e,a,m,i,s,h
t,r,i,p
q,u,e,u,e
f,l,a,m,e
a,t,t,r,a,c,t,i,o,n
d,e,m,o,n,i,c
s,t,o,r,y
d,e,p,e,n,d,e,n,t
s,e,c,o,n,d,-,h,a,n,d
f,e,a,r,f,u,l
t,o,w,n
r,e,d,u,n,d,a,n,t
c,o,a,s,t
b,i,t,e
p,r,e,v,e,n,t
a,r,o,m,a,t,i,c
f,u,n,c,t,i,o,n,a,l
p,r,o,d,u,c,e
j,o,b,l,e,s,s
n,o,n,d,e,s,c,r,i,p,t
c,h,e,c,k
p,l,a,t,e
m,o,o,n
c,u,l,t,u,r,e,d
d,i,f,f,i,c,u,l,t
d,e,s,c,r,i,b,e
c,o,n,f,u,s,e,d
r,a,i,n
b,o,t,t,l,e
s,k,i,p
b,o,o,r,i,s,h
u,n,d,r,e,s,s
b,r,i,c,k
c,o,m,m,a,n,d
p,r,i,c,k,l,y
e,l,a,t,e,d
f,o,a,m,y
s,h,o,p
r,a,b,b,i,t,s
p,l,o,u,g,h
t,i,r,e
d,u,l,l
p,a,r,a,l,l,e,l
p,e,n,c,i,l
h,a,p,p,y
s,c,a,t,t,e,r
c,o,n,t,r,o,l
c,o,o,i,n,g
t,u,m,b,l,e
b,e,l,l
b,i,r,t,h,d,a,y
s,c,a,r,c,e
h,i,s,t,o,r,i,c,a,l
o,f,f,i,c,e
r,i,c,h
t,h,u,n,d,e,r
l,a,t,e
n,e,c,e,s,s,a,r,y
i,m,p,u,l,s,e
s,e,a,t
f,r,i,g,h,t,e,n
g,o,o,f,y
s,u,p,p,o,s,e
f,u,r,r,y
f,o,r,g,e,t,f,u,l
f,a,n,a,t,i,c,a,l
s,l,a,p
r,e,m,i,n,d
a,c,i,d
r,o,o,m
m,a,t,u,r,e
i,d,e,a
r,e,p,r,o,d,u,c,e
s,i,g,n
e,x,p,e,n,s,i,v,e
s,p,o,i,l
b,e,d,s
j,a,g,g,e,d
h,e,l,p,f,u,l
c,r,u,e,l
f,r,e,q,u,e,n,t
a,b,s,e,n,t
a,l,l,u,r,i,n,g
p,a,r,t
c,h,i,l,l,y
m,i,n,t
w,h,o,l,e
s,k,a,t,e
b,l,o,o,d,y
s,c,r,e,a,m
d,r,a,i,n
m,a,r,k
t,i,g,e,r
m,e,a,l
t,y,p,e
p,l,e,a,s,u,r,e
b,a,s,k,e,t,b,a,l,l
u,n,i,n,t,e,r,e,s,t,e,d
a,d,v,e,r,t,i,s,e,m,e,n,t
r,e,c,e,i,p,t
s,a,s,s,y
u,n,u,s,e,d
v,o,i,c,e
f,l,o,o,d
b,r,o,a,d
p,a,i,n,s,t,a,k,i,n,g
m,a,t,c,h
n,a,t,i,o,n
n,e,s,t
t,r,u,c,k
l,a,m,e
s,u,g,g,e,s,t
c,o,l,o,r
s,e,a,l
m,e,r,c,i,f,u,l
c,h,e,e,r
d,o,l,l
t,r,a,c,e
s,t,e,e,l
a,c,o,u,s,t,i,c
d,i,s,p,e,n,s,a,b,l,e
h,a,r,a,s,s
t,y,p,i,c,a,l
b,r,a,k,e
e,n,d,u,r,a,b,l,e
r,e,f,l,e,c,t,i,v,e
a,t,t,e,m,p,t
g,u,i,t,a,r
f,o,o,l,i,s,h
b,u,r,s,t
s,u,p,e,r,b
r,h,y,m,e
a,n,n,o,y,i,n,g
c,o,l,o,r,f,u,l
u,n,d,e,r,s,t,o,o,d
a,c,c,e,s,s,i,b,l,e
c,o,n,d,i,t,i,o,n
s,u,s,p,e,c,t
s,c,i,e,n,c,e
g,i,d,d,y
f,a,c,e
s,h,e,e,p
w,a,v,e,s
c,h,e,r,r,y
j,o,l,l,y
s,i,l,v,e,r
p,l,a,n
s,p,l,e,n,d,i,d
u,n,w,i,e,l,d,y
v,a,g,a,b,o,n,d
c,a,n,v,a,s
p,l,a,n,t,s
s,e,e,d
f,a,l,s,e
b,o,r,i,n,g
c,o,u,r,a,g,e,o,u,s
i,n,v,e,n,t
w,o,m,a,n
o,l,d,-,f,a,s,h,i,o,n,e,d
w,a,n,t,i,n,g
s,c,r,a,t,c,h
i,n,j,e,c,t
s,i,n,c,e,r,e
l,i,q,u,i,d
t,r,e,m,b,l,e
g,i,g,a,n,t,i,c
m,o,n,e,y
u,n,w,r,i,t,t,e,n
c,o,n,d,e,m,n,e,d
m,i,c,e
r,i,d,d,l,e
m,e,d,d,l,e
f,l,o,w,e,r
u,n,i,q,u,e
c,h,i,c,k,e,n,s
u,n,a,d,v,i,s,e,d
h,a,r,m,o,n,i,o,u,s
p,e,s,t
k,i,n,d,h,e,a,r,t,e,d
q,u,a,r,r,e,l,s,o,m,e
y,o,u,t,h,f,u,l
a,d,o,r,a,b,l,e
r,u,t,h,l,e,s,s
y,a,r,d
c,l,a,p
s,e,t,t,l,e
h,o,l,i,d,a,y
z,i,n,c
c,a,r,v,e
a,g,r,e,e,m,e,n,t
a,c,c,u,r,a,t,e
j,u,m,p,y
n,e,i,g,h,b,o,r,l,y
a,d,v,i,s,e
d,y,n,a,m,i,c
w,h,i,t,e
l,u,c,k,y
c,a,v,e
a,c,t,o,r
e,x,i,s,t
d,i,s,a,g,r,e,e,a,b,l,e
v,i,o,l,e,n,t
t,o,o,t,h,b,r,u,s,h
e,x,t,e,n,d
g,r,a,t,e
w,i,s,h
t,r,o,t
a,b,s,o,r,b,i,n,g
